{
  "Andhra Pradesh": ["Visakhapatnam","Vijayawada","Guntur","Nellore","Kurnool","Rajahmundry","Tirupati","Anantapur","Ongole"],
  "Arunachal Pradesh": ["Itanagar","Naharlagun","Pasighat","Tawang"],
  "Assam": ["Guwahati","Dibrugarh","Silchar","Jorhat","Tezpur","Nagaon"],
  "Bihar": ["Patna","Gaya","Bhagalpur","Muzaffarpur","Darbhanga","Purnia","Arrah","Katihar"],
  "Chhattisgarh": ["Raipur","Bilaspur","Durg","Bhilai","Korba","Rajnandgaon"],
  "Delhi": ["New Delhi","Dwarka","Rohini","Saket","Laxmi Nagar","Karol Bagh","Pitampura"],
  "Goa": ["Panaji","Margao","Vasco","Mapusa"],
  "Gujarat": ["Ahmedabad","Surat","Vadodara","Rajkot","Bhavnagar","Junagadh","Gandhinagar","Anand"],
  "Haryana": ["Sonipat","Panipat","Rohtak","Gurgaon","Faridabad","Hisar","Karnal","Ambala","Yamunanagar"],
  "Himachal Pradesh": ["Shimla","Mandi","Solan","Dharamshala","Una","Hamirpur"],
  "Jharkhand": ["Ranchi","Jamshedpur","Dhanbad","Bokaro","Hazaribagh","Deoghar"],
  "Karnataka": ["Bengaluru","Mysuru","Mangaluru","Hubli","Dharwad","Belagavi","Davangere","Tumakuru"],
  "Kerala": ["Kochi","Thiruvananthapuram","Kozhikode","Thrissur","Kollam","Alappuzha","Palakkad"],
  "Madhya Pradesh": ["Bhopal","Indore","Gwalior","Jabalpur","Ujjain","Sagar","Satna","Rewa"],
  "Maharashtra": ["Mumbai","Pune","Nagpur","Nashik","Aurangabad","Solapur","Kolhapur","Amravati","Akola"],
  "Odisha": ["Bhubaneswar","Cuttack","Rourkela","Sambalpur","Balasore","Baripada","Angul"],
  "Punjab": ["Amritsar","Ludhiana","Jalandhar","Patiala","Bathinda","Mohali","Pathankot"],
  "Rajasthan": ["Jaipur","Kota","Udaipur","Jodhpur","Bikaner","Ajmer","Alwar","Bhilwara"],
  "Tamil Nadu": ["Chennai","Coimbatore","Madurai","Salem","Trichy","Tirunelveli","Erode","Vellore","Thoothukudi"],
  "Telangana": ["Hyderabad","Warangal","Nizamabad","Karimnagar","Khammam","Ramagundam"],
  "Uttar Pradesh": ["Noida","Ghaziabad","Lucknow","Kanpur","Varanasi","Agra","Meerut","Prayagraj","Bareilly","Aligarh","Moradabad"],
  "Uttarakhand": ["Dehradun","Haridwar","Haldwani","Roorkee","Rudrapur","Kashipur"],
  "West Bengal": ["Kolkata","Howrah","Durgapur","Asansol","Siliguri","Malda","Bardhaman","Kharagpur"]
}
